{    
    "Name": "Tunnel",
	"CategoryName": "Digging Blocks",
    "CreatorName": "Albertbz",
    "UniqueID": 894654498,
	"Recipe": {
		"Array" : [11,11,34,11,11,11,11,11,11,11,34,11,11,11,11,11,11,11,34,11,11,11,11,11,11,11,34,11,11,11,23,11,11,11,34,11,11,11,11,11,11,11,34,11,11,11,11,11,11,11,34,11,11,11,11,11,11,11,34,11,11,11,11,11,11,11,73,11,11,11,23,11,73,73,73,73,11,11,11,11],
		"SizeX": 4,
		"SizeY": 4,
		"SizeZ": 5
	},
    "Yield": 1,
    "SimilarTo": 1,
    "Textures": {
        "Mode": 2,
        "WithNormals" : false
      }
  }